SET FOREIGN_KEY_CHECKS=0;
-- Dumping data for table users
INSERT IGNORE INTO `users` (`id`, `name`, `email`, `email_verified_at`, `password`, `remember_token`, `created_at`, `updated_at`, `phone`, `status`, `avatar`, `role`, `timezone`, `stripe_account_id`, `stripe_boarding_completed`) VALUES (4, 'Admin User', 'admin@acelab.com', NULL, '$2y$12$6tcTh6vG6LuiYZpYwUEot.HF6.YOAjoq1ObWpqhuBW7d3XOP/kj2q', NULL, '2026-02-09 08:38:09', '2026-02-09 08:38:09', NULL, 'active', NULL, 'admin', 'UTC', NULL, 0);
INSERT IGNORE INTO `users` (`id`, `name`, `email`, `email_verified_at`, `password`, `remember_token`, `created_at`, `updated_at`, `phone`, `status`, `avatar`, `role`, `timezone`, `stripe_account_id`, `stripe_boarding_completed`) VALUES (5, 'teststudent', 'teststudent@gmail.com', NULL, '$2y$12$NNx0MkTWoIxn99swIj0g6eUncyObCRmYgdQkZOBbjRUSCOz/kI4MG', NULL, '2026-02-09 08:42:09', '2026-02-14 06:19:01', '+44 7700 900123', 'active', '/avatars/1770746474.jpg', 'student', 'UTC', NULL, 0);
INSERT IGNORE INTO `users` (`id`, `name`, `email`, `email_verified_at`, `password`, `remember_token`, `created_at`, `updated_at`, `phone`, `status`, `avatar`, `role`, `timezone`, `stripe_account_id`, `stripe_boarding_completed`) VALUES (6, 'testutor', 'testutor@gmail.com', NULL, '$2y$12$V5/mrD2Zlcgrf9PckrKwKObuXRGaqrj5FL63zVJnoeoQ.zOdLQyea', NULL, '2026-02-09 09:04:49', '2026-02-09 09:22:36', '55845235522', 'active', '/avatars/1770628956_6989a75c61e61.webp', 'tutor', 'UTC', NULL, 0);
INSERT IGNORE INTO `users` (`id`, `name`, `email`, `email_verified_at`, `password`, `remember_token`, `created_at`, `updated_at`, `phone`, `status`, `avatar`, `role`, `timezone`, `stripe_account_id`, `stripe_boarding_completed`) VALUES (7, 'Test Student', 'student_cart@test.com', NULL, '$2y$12$ByStMWcmYgCaFibI5IrfNeNOtA8BfsVN0yeFXpRLO2cnYt960PGHa', NULL, '2026-02-11 06:17:44', '2026-02-11 06:17:44', NULL, 'active', NULL, 'student', 'UTC', NULL, 0);
INSERT IGNORE INTO `users` (`id`, `name`, `email`, `email_verified_at`, `password`, `remember_token`, `created_at`, `updated_at`, `phone`, `status`, `avatar`, `role`, `timezone`, `stripe_account_id`, `stripe_boarding_completed`) VALUES (8, 'Test Tutor', 'tutor_test@gmail.com', NULL, '$2y$12$M9b6ReDF02LoP1NdfEKBtuVZ.eDC6ORVygIoJEGsDPnDMgmG27OpW', NULL, '2026-02-11 07:13:54', '2026-02-11 07:13:54', NULL, 'active', NULL, 'tutor', 'UTC', NULL, 0);
INSERT IGNORE INTO `users` (`id`, `name`, `email`, `email_verified_at`, `password`, `remember_token`, `created_at`, `updated_at`, `phone`, `status`, `avatar`, `role`, `timezone`, `stripe_account_id`, `stripe_boarding_completed`) VALUES (9, 'Parent', 'Parent@gmail.com', NULL, '$2y$12$BMpk9SUheOaJdwpF3jW3ke.7PjWOhRo6BgtIYl6NOcBgC.eDgXcNG', NULL, '2026-02-13 08:52:52', '2026-02-13 08:52:52', '155472322', 'active', NULL, 'parent', 'UTC', NULL, 0);
INSERT IGNORE INTO `users` (`id`, `name`, `email`, `email_verified_at`, `password`, `remember_token`, `created_at`, `updated_at`, `phone`, `status`, `avatar`, `role`, `timezone`, `stripe_account_id`, `stripe_boarding_completed`) VALUES (10, 'Alex Johnson (DB)', 'alex@example.com', NULL, '$2y$12$Aqa2IeqEwFP/Fg4ss7.92evfr7j6Gh4n.s3JdA/0tDK8u7hYXEAq6', NULL, '2026-02-13 09:16:52', '2026-02-13 09:16:52', NULL, 'active', NULL, 'student', 'UTC', NULL, 0);
INSERT IGNORE INTO `users` (`id`, `name`, `email`, `email_verified_at`, `password`, `remember_token`, `created_at`, `updated_at`, `phone`, `status`, `avatar`, `role`, `timezone`, `stripe_account_id`, `stripe_boarding_completed`) VALUES (100, 'Test Student', 'test100@student.com', NULL, '$2y$12$fFcDlAbOv5bpbkj2Jvm62eV2jF3dNzN6If6tdg5apIM4O9/4e9gCy', NULL, '2026-02-13 09:17:44', '2026-02-13 09:32:00', NULL, 'active', NULL, 'student', 'UTC', NULL, 0);
INSERT IGNORE INTO `users` (`id`, `name`, `email`, `email_verified_at`, `password`, `remember_token`, `created_at`, `updated_at`, `phone`, `status`, `avatar`, `role`, `timezone`, `stripe_account_id`, `stripe_boarding_completed`) VALUES (101, 'Test Tutor', 'tutor@test.com', NULL, '$2y$12$WV00jFJYWGHYej4ALVqeh.CIPcSfNHCSmDYLINjlhtulUqIcKtybu', NULL, '2026-02-13 09:22:49', '2026-02-13 09:32:01', NULL, 'active', NULL, 'tutor', 'UTC', NULL, 0);
INSERT IGNORE INTO `users` (`id`, `name`, `email`, `email_verified_at`, `password`, `remember_token`, `created_at`, `updated_at`, `phone`, `status`, `avatar`, `role`, `timezone`, `stripe_account_id`, `stripe_boarding_completed`) VALUES (102, 'DesignPro My', 'designpromy@gmail.com', NULL, '$2y$12$xnC757dTYl73Kz6S0yIfPebZZ1ioOYpNvrM9ksGuig5SmowvV6S9u', NULL, '2026-02-13 09:47:27', '2026-02-13 10:07:19', '+44 7911 123456', 'active', NULL, 'student', 'UTC', NULL, 0);

-- Dumping data for table courses
INSERT IGNORE INTO `courses` (`id`, `name`, `tutor_id`, `level`, `description`, `created_at`, `updated_at`, `status`, `deleted_at`, `type_of_school`, `year`, `subject`, `is_approved`, `is_platform_visible`, `price`, `registration_fee`) VALUES (1, 'Algo Pro ok', 6, 'Beginner', 'this is algo class', '2026-02-09 12:49:44', '2026-02-13 04:52:50', 'published', '2026-02-13 04:52:50', 'A-LEVELS', 'Year 10', 'Science', 1, 1, 75, NULL);
INSERT IGNORE INTO `courses` (`id`, `name`, `tutor_id`, `level`, `description`, `created_at`, `updated_at`, `status`, `deleted_at`, `type_of_school`, `year`, `subject`, `is_approved`, `is_platform_visible`, `price`, `registration_fee`) VALUES (2, 'Attendance Test Course', 8, 'Beginner', 'This is a test course for attendance verification.', '2026-02-11 07:16:28', '2026-02-11 07:16:28', 'draft', NULL, 'Secondary', 'Year 7', 'Maths', 0, 1, 0, NULL);
INSERT IGNORE INTO `courses` (`id`, `name`, `tutor_id`, `level`, `description`, `created_at`, `updated_at`, `status`, `deleted_at`, `type_of_school`, `year`, `subject`, `is_approved`, `is_platform_visible`, `price`, `registration_fee`) VALUES (3, 'Absolute Final Test', 4, 'Beginner', 'Administrator created course: Absolute Final Test', '2026-02-12 19:01:23', '2026-02-13 04:46:56', 'published', '2026-02-13 04:46:56', 'Secondary', 'Year 12', 'Maths', 1, 1, 175, NULL);
INSERT IGNORE INTO `courses` (`id`, `name`, `tutor_id`, `level`, `description`, `created_at`, `updated_at`, `status`, `deleted_at`, `type_of_school`, `year`, `subject`, `is_approved`, `is_platform_visible`, `price`, `registration_fee`) VALUES (4, 'Comprehensive A-Level Science Package - Biology, Chemistry & Physics', 4, 'Beginner', 'Administrator created course: Comprehensive A-Level Science Package - Biology, Chemistry & Physics', '2026-02-12 19:32:10', '2026-02-13 16:00:06', 'published', NULL, 'Secondary', 'Year 12', 'Biology, Chemistry, Physics', 1, 1, 300, 40);
INSERT IGNORE INTO `courses` (`id`, `name`, `tutor_id`, `level`, `description`, `created_at`, `updated_at`, `status`, `deleted_at`, `type_of_school`, `year`, `subject`, `is_approved`, `is_platform_visible`, `price`, `registration_fee`) VALUES (5, 'Test Course 101', 101, 'Beginner', 'Test Course Description', '2026-02-13 09:22:49', '2026-02-13 09:22:49', 'draft', NULL, NULL, NULL, NULL, 0, 1, 0, NULL);
INSERT IGNORE INTO `courses` (`id`, `name`, `tutor_id`, `level`, `description`, `created_at`, `updated_at`, `status`, `deleted_at`, `type_of_school`, `year`, `subject`, `is_approved`, `is_platform_visible`, `price`, `registration_fee`) VALUES (6, 'Test Course 101', 101, 'Beginner', 'Test Course Description', '2026-02-13 09:31:51', '2026-02-13 09:31:51', 'draft', NULL, NULL, NULL, NULL, 0, 1, 0, NULL);
INSERT IGNORE INTO `courses` (`id`, `name`, `tutor_id`, `level`, `description`, `created_at`, `updated_at`, `status`, `deleted_at`, `type_of_school`, `year`, `subject`, `is_approved`, `is_platform_visible`, `price`, `registration_fee`) VALUES (7, 'Test Course 101', 101, 'Beginner', 'Test Course Description', '2026-02-13 09:32:01', '2026-02-13 09:32:01', 'draft', NULL, NULL, NULL, NULL, 0, 1, 0, NULL);
INSERT IGNORE INTO `courses` (`id`, `name`, `tutor_id`, `level`, `description`, `created_at`, `updated_at`, `status`, `deleted_at`, `type_of_school`, `year`, `subject`, `is_approved`, `is_platform_visible`, `price`, `registration_fee`) VALUES (8, 'test course', 6, 'Beginner', 'test', '2026-02-14 07:28:34', '2026-02-14 07:28:34', 'draft', NULL, 'Primary', 'Year 11', 'Biology', 0, 1, 0, 0);

-- Dumping data for table payments
INSERT IGNORE INTO `payments` (`id`, `user_id`, `amount`, `description`, `status`, `payment_date`, `created_at`, `updated_at`, `payment_intent_id`, `buyer_name`, `buyer_phone`) VALUES (1, 5, 500, 'Course Enrollment: Advance Math, Physics 101', 'paid', '2026-02-13 09:51:36', '2026-02-13 09:51:34', '2026-02-13 09:55:53', 'ch_3SzVu7Axk61zydER1oSlMEVp', NULL, NULL);
INSERT IGNORE INTO `payments` (`id`, `user_id`, `amount`, `description`, `status`, `payment_date`, `created_at`, `updated_at`, `payment_intent_id`, `buyer_name`, `buyer_phone`) VALUES (2, 4, 330, 'Course Enrollment: Comprehensive A-Level Science Package - Biology, Chemistry & Physics', 'pending', '2026-02-13 11:03:38', '2026-02-13 11:03:38', '2026-02-13 11:06:15', 'pi_3T0KAPAxk61zydER2A46nE61', 'John Doe', '07123456789');
INSERT IGNORE INTO `payments` (`id`, `user_id`, `amount`, `description`, `status`, `payment_date`, `created_at`, `updated_at`, `payment_intent_id`, `buyer_name`, `buyer_phone`) VALUES (3, 4, 330, 'Course Enrollment: Comprehensive A-Level Science Package - Biology, Chemistry & Physics', 'pending', '2026-02-13 15:50:10', '2026-02-13 15:50:10', '2026-02-13 15:50:42', 'pi_3T0K4WAxk61zydER4x65s2rh', 'John Doe', '07123456789');
INSERT IGNORE INTO `payments` (`id`, `user_id`, `amount`, `description`, `status`, `payment_date`, `created_at`, `updated_at`, `payment_intent_id`, `buyer_name`, `buyer_phone`) VALUES (4, NULL, 340, 'Course Enrollment: Comprehensive A-Level Science Package - Biology, Chemistry & Physics', 'pending', '2026-02-14 06:36:53', '2026-02-14 06:36:53', '2026-02-14 06:36:53', 'cs_test_a1PskcGR4znUGBeU6yC5vYsGx3bYh3vaysZPnZnyxmxROkIwx0CNTwUO0b', 'Guest User', '1234567890');
INSERT IGNORE INTO `payments` (`id`, `user_id`, `amount`, `description`, `status`, `payment_date`, `created_at`, `updated_at`, `payment_intent_id`, `buyer_name`, `buyer_phone`) VALUES (5, NULL, 340, 'Course Enrollment: Comprehensive A-Level Science Package - Biology, Chemistry & Physics', 'pending', '2026-02-14 06:43:20', '2026-02-14 06:43:20', '2026-02-14 06:43:20', 'cs_test_a1ybc9taQzaDpilYAVy5azR6DLHwsFGUxq2r4Wejldhxj7fX6hxffOWNUc', 'John Doe', '07123456789');
INSERT IGNORE INTO `payments` (`id`, `user_id`, `amount`, `description`, `status`, `payment_date`, `created_at`, `updated_at`, `payment_intent_id`, `buyer_name`, `buyer_phone`) VALUES (6, NULL, 340, 'Course Enrollment: Comprehensive A-Level Science Package - Biology, Chemistry & Physics', 'pending', '2026-02-14 06:49:17', '2026-02-14 06:49:17', '2026-02-14 06:49:17', 'cs_test_a1TESFXqRNc3eDtXkm5NmwCF5TrsEfLEiWhQgwFPxDoi1AskJ4y0SOpDg1', 'Invoice Tester', '9876543210');
INSERT IGNORE INTO `payments` (`id`, `user_id`, `amount`, `description`, `status`, `payment_date`, `created_at`, `updated_at`, `payment_intent_id`, `buyer_name`, `buyer_phone`) VALUES (7, NULL, 340, 'Course Enrollment: Comprehensive A-Level Science Package - Biology, Chemistry & Physics', 'pending', '2026-02-14 07:04:28', '2026-02-14 07:04:28', '2026-02-14 07:04:28', 'cs_test_a1FrAzw8L8bjCtKiGZEstqlHme7m39VK2VyJ230DZEdljtcvhSlbQG2gwp', 'Guest User', '07123456789');
INSERT IGNORE INTO `payments` (`id`, `user_id`, `amount`, `description`, `status`, `payment_date`, `created_at`, `updated_at`, `payment_intent_id`, `buyer_name`, `buyer_phone`) VALUES (8, NULL, 340, 'Course Enrollment: Comprehensive A-Level Science Package - Biology, Chemistry & Physics', 'pending', '2026-02-14 08:50:51', '2026-02-14 08:50:51', '2026-02-14 08:50:51', 'cs_live_a17OyPxEU81OoGY7WjWUh48tAdCcx4VUOf4BfvM0KKOtDaNECrljqTOpVl', 'rtesw', '07123456789');
INSERT IGNORE INTO `payments` (`id`, `user_id`, `amount`, `description`, `status`, `payment_date`, `created_at`, `updated_at`, `payment_intent_id`, `buyer_name`, `buyer_phone`) VALUES (9, NULL, 340, 'Course Enrollment: Comprehensive A-Level Science Package - Biology, Chemistry & Physics', 'pending', '2026-02-14 08:55:36', '2026-02-14 08:55:36', '2026-02-14 08:55:36', 'cs_live_a1OroOxoiPF75PbJV1nGhC3wqIIesAYIIY1dE6xoZaUiCswBsN7FC0N3xV', 'John Doe', '07123456789');

-- Dumping data for table student_registrations
INSERT IGNORE INTO `student_registrations` (`id`, `type`, `parent_name`, `relationship`, `parent_email`, `parent_phone`, `student_name`, `student_dob`, `student_email`, `selections`, `specific_needs`, `status`, `created_at`, `updated_at`, `deleted_at`) VALUES (1, 'free', 'John Doe', 'Father', 'john.doe@example.com', '1234567890', 'Jane Doe', '2010-01-01 00:00:00', 'jane.doe@example.com', '{"Year 11":["Maths"]}', 'None', 'approved', '2026-02-13 05:02:09', '2026-02-13 05:13:23', NULL);
INSERT IGNORE INTO `student_registrations` (`id`, `type`, `parent_name`, `relationship`, `parent_email`, `parent_phone`, `student_name`, `student_dob`, `student_email`, `selections`, `specific_needs`, `status`, `created_at`, `updated_at`, `deleted_at`) VALUES (2, 'paid', 'Bob Smith', NULL, 'bob@example.com', '1234567890', 'Alice Smith', '2010-01-01 00:00:00', NULL, '{"YEAR 4":["Maths"]}', NULL, 'pending', '2026-02-13 05:05:06', '2026-02-13 05:13:56', '2026-02-13 05:13:56');
INSERT IGNORE INTO `student_registrations` (`id`, `type`, `parent_name`, `relationship`, `parent_email`, `parent_phone`, `student_name`, `student_dob`, `student_email`, `selections`, `specific_needs`, `status`, `created_at`, `updated_at`, `deleted_at`) VALUES (3, 'paid', 'Parent Test', 'Father', 'parent@test.com', '1234567890', 'Student Test', '0101-02-01 00:00:00', NULL, '{"Year 10":["Bio","Chem"]}', 'None', 'pending', '2026-02-13 06:31:29', '2026-02-13 06:31:29', NULL);
INSERT IGNORE INTO `student_registrations` (`id`, `type`, `parent_name`, `relationship`, `parent_email`, `parent_phone`, `student_name`, `student_dob`, `student_email`, `selections`, `specific_needs`, `status`, `created_at`, `updated_at`, `deleted_at`) VALUES (4, 'paid', 'Parent Test', 'Father', 'parent@test.com', '1234567890', 'Student Test', '0101-02-01 00:00:00', NULL, '{"Year 10":["Bio"]}', 'None', 'pending', '2026-02-13 06:34:07', '2026-02-13 06:34:07', NULL);
INSERT IGNORE INTO `student_registrations` (`id`, `type`, `parent_name`, `relationship`, `parent_email`, `parent_phone`, `student_name`, `student_dob`, `student_email`, `selections`, `specific_needs`, `status`, `created_at`, `updated_at`, `deleted_at`) VALUES (5, 'paid', 'Final Parent', 'Father', 'finalparent@example.com', '1234567890', 'Final Check Student', '2010-01-01 00:00:00', 'finalstudent@example.com', '{"Year 10":["Bio"]}', NULL, 'pending', '2026-02-13 06:40:14', '2026-02-13 06:40:14', NULL);

-- Dumping data for table tutor_payments
INSERT IGNORE INTO `tutor_payments` (`id`, `tutor_id`, `amount`, `method`, `reference`, `note`, `payment_date`, `paid_by`, `created_at`, `updated_at`) VALUES (1, 6, 150, 'bank_transfer', 'TXN-001', 'January salary', '2026-01-15 00:00:00', 4, '2026-02-11 08:46:00', '2026-02-11 08:46:00');
INSERT IGNORE INTO `tutor_payments` (`id`, `tutor_id`, `amount`, `method`, `reference`, `note`, `payment_date`, `paid_by`, `created_at`, `updated_at`) VALUES (2, 6, 75, 'cash', 'TXN-002', 'Extra tutoring hours', '2026-01-28 00:00:00', 4, '2026-02-11 08:46:00', '2026-02-11 08:46:00');
INSERT IGNORE INTO `tutor_payments` (`id`, `tutor_id`, `amount`, `method`, `reference`, `note`, `payment_date`, `paid_by`, `created_at`, `updated_at`) VALUES (3, 6, 200, 'bank_transfer', 'TXN-003', 'February first half', '2026-02-05 00:00:00', 4, '2026-02-11 08:46:00', '2026-02-11 08:46:00');
INSERT IGNORE INTO `tutor_payments` (`id`, `tutor_id`, `amount`, `method`, `reference`, `note`, `payment_date`, `paid_by`, `created_at`, `updated_at`) VALUES (4, 6, 120, 'cheque', 'CHQ-0045', 'February bonus', '2026-02-10 00:00:00', 4, '2026-02-11 08:46:00', '2026-02-11 08:46:00');

-- Dumping data for table enrollments
INSERT IGNORE INTO `enrollments` (`id`, `student_id`, `course_id`, `enrollment_date`, `status`, `progress`, `grade`, `attendance`, `created_at`, `updated_at`, `payment_id`, `amount_paid`, `currency`) VALUES (1, 5, 1, '2026-02-09 16:33:55', 'active', 0, NULL, NULL, '2026-02-09 16:33:55', '2026-02-09 16:33:55', NULL, NULL, NULL);
INSERT IGNORE INTO `enrollments` (`id`, `student_id`, `course_id`, `enrollment_date`, `status`, `progress`, `grade`, `attendance`, `created_at`, `updated_at`, `payment_id`, `amount_paid`, `currency`) VALUES (2, 100, 5, '2026-02-13 09:22:49', 'active', 75, 'A+', '99%', '2026-02-13 09:22:49', '2026-02-13 09:22:49', NULL, NULL, NULL);
INSERT IGNORE INTO `enrollments` (`id`, `student_id`, `course_id`, `enrollment_date`, `status`, `progress`, `grade`, `attendance`, `created_at`, `updated_at`, `payment_id`, `amount_paid`, `currency`) VALUES (3, 100, 6, '2026-02-13 09:31:51', 'active', 75, 'A+', '99%', '2026-02-13 09:31:51', '2026-02-13 09:31:51', NULL, NULL, NULL);
INSERT IGNORE INTO `enrollments` (`id`, `student_id`, `course_id`, `enrollment_date`, `status`, `progress`, `grade`, `attendance`, `created_at`, `updated_at`, `payment_id`, `amount_paid`, `currency`) VALUES (4, 100, 7, '2026-02-13 09:32:01', 'active', 75, 'A+', '99%', '2026-02-13 09:32:01', '2026-02-13 09:32:01', NULL, NULL, NULL);

-- Dumping data for table messages
INSERT IGNORE INTO `messages` (`id`, `sender_id`, `receiver_id`, `content`, `is_read`, `created_at`, `updated_at`, `image_path`) VALUES (1, 6, 4, 'Hi admin', 1, '2026-02-10 17:37:31', '2026-02-10 17:37:50', NULL);
INSERT IGNORE INTO `messages` (`id`, `sender_id`, `receiver_id`, `content`, `is_read`, `created_at`, `updated_at`, `image_path`) VALUES (2, 4, 6, 'Hi how can i help you', 1, '2026-02-10 17:37:56', '2026-02-10 17:37:58', NULL);
INSERT IGNORE INTO `messages` (`id`, `sender_id`, `receiver_id`, `content`, `is_read`, `created_at`, `updated_at`, `image_path`) VALUES (3, 4, 6, '?', 1, '2026-02-10 17:38:01', '2026-02-10 17:38:12', NULL);
INSERT IGNORE INTO `messages` (`id`, `sender_id`, `receiver_id`, `content`, `is_read`, `created_at`, `updated_at`, `image_path`) VALUES (4, 4, 6, 'are you there?', 1, '2026-02-10 17:38:18', '2026-02-10 17:38:28', NULL);
INSERT IGNORE INTO `messages` (`id`, `sender_id`, `receiver_id`, `content`, `is_read`, `created_at`, `updated_at`, `image_path`) VALUES (5, 6, 4, 'ok', 1, '2026-02-10 17:38:34', '2026-02-10 17:38:41', NULL);
INSERT IGNORE INTO `messages` (`id`, `sender_id`, `receiver_id`, `content`, `is_read`, `created_at`, `updated_at`, `image_path`) VALUES (6, 5, 4, 'hello', 1, '2026-02-10 17:51:14', '2026-02-10 17:51:19', NULL);
INSERT IGNORE INTO `messages` (`id`, `sender_id`, `receiver_id`, `content`, `is_read`, `created_at`, `updated_at`, `image_path`) VALUES (7, 4, 5, 'hi', 1, '2026-02-10 17:51:22', '2026-02-10 17:51:28', NULL);
INSERT IGNORE INTO `messages` (`id`, `sender_id`, `receiver_id`, `content`, `is_read`, `created_at`, `updated_at`, `image_path`) VALUES (8, 5, 4, 'ok', 1, '2026-02-10 17:51:30', '2026-02-10 18:02:49', NULL);
INSERT IGNORE INTO `messages` (`id`, `sender_id`, `receiver_id`, `content`, `is_read`, `created_at`, `updated_at`, `image_path`) VALUES (9, 9, 4, 'hi', 1, '2026-02-13 09:03:43', '2026-02-13 09:03:53', NULL);
INSERT IGNORE INTO `messages` (`id`, `sender_id`, `receiver_id`, `content`, `is_read`, `created_at`, `updated_at`, `image_path`) VALUES (10, 4, 9, 'hi', 1, '2026-02-13 09:03:57', '2026-02-13 09:04:02', NULL);

-- Dumping data for table course_options
INSERT IGNORE INTO `course_options` (`id`, `type`, `value`, `created_at`, `updated_at`) VALUES (1, 'subject', 'Maths', '2026-02-14 14:37:21', '2026-02-14 14:37:21');
INSERT IGNORE INTO `course_options` (`id`, `type`, `value`, `created_at`, `updated_at`) VALUES (2, 'subject', 'English Language', '2026-02-14 14:37:21', '2026-02-14 14:37:21');
INSERT IGNORE INTO `course_options` (`id`, `type`, `value`, `created_at`, `updated_at`) VALUES (3, 'subject', 'Verbal Reasoning', '2026-02-14 14:37:21', '2026-02-14 14:37:21');
INSERT IGNORE INTO `course_options` (`id`, `type`, `value`, `created_at`, `updated_at`) VALUES (4, 'subject', 'Non-verbal Reasoning', '2026-02-14 14:37:21', '2026-02-14 14:37:21');
INSERT IGNORE INTO `course_options` (`id`, `type`, `value`, `created_at`, `updated_at`) VALUES (5, 'subject', 'Physics', '2026-02-14 14:37:21', '2026-02-14 14:37:21');
INSERT IGNORE INTO `course_options` (`id`, `type`, `value`, `created_at`, `updated_at`) VALUES (6, 'subject', 'Chemistry', '2026-02-14 14:37:21', '2026-02-14 14:37:21');
INSERT IGNORE INTO `course_options` (`id`, `type`, `value`, `created_at`, `updated_at`) VALUES (7, 'subject', 'Biology', '2026-02-14 14:37:21', '2026-02-14 14:37:21');
INSERT IGNORE INTO `course_options` (`id`, `type`, `value`, `created_at`, `updated_at`) VALUES (8, 'subject', 'Further Maths', '2026-02-14 14:37:21', '2026-02-14 14:37:21');
INSERT IGNORE INTO `course_options` (`id`, `type`, `value`, `created_at`, `updated_at`) VALUES (9, 'subject', 'Computer Science', '2026-02-14 14:37:21', '2026-02-14 14:37:21');
INSERT IGNORE INTO `course_options` (`id`, `type`, `value`, `created_at`, `updated_at`) VALUES (10, 'subject', 'History', '2026-02-14 14:37:21', '2026-02-14 14:37:21');
INSERT IGNORE INTO `course_options` (`id`, `type`, `value`, `created_at`, `updated_at`) VALUES (11, 'subject', 'Geography', '2026-02-14 14:37:21', '2026-02-14 14:37:21');
INSERT IGNORE INTO `course_options` (`id`, `type`, `value`, `created_at`, `updated_at`) VALUES (12, 'subject', 'French', '2026-02-14 14:37:21', '2026-02-14 14:37:21');
INSERT IGNORE INTO `course_options` (`id`, `type`, `value`, `created_at`, `updated_at`) VALUES (13, 'subject', 'Spanish', '2026-02-14 14:37:21', '2026-02-14 14:37:21');
INSERT IGNORE INTO `course_options` (`id`, `type`, `value`, `created_at`, `updated_at`) VALUES (14, 'subject', 'German', '2026-02-14 14:37:21', '2026-02-14 14:37:21');
INSERT IGNORE INTO `course_options` (`id`, `type`, `value`, `created_at`, `updated_at`) VALUES (15, 'subject', 'Business Studies', '2026-02-14 14:37:21', '2026-02-14 14:37:21');
INSERT IGNORE INTO `course_options` (`id`, `type`, `value`, `created_at`, `updated_at`) VALUES (16, 'subject', 'Economics', '2026-02-14 14:37:21', '2026-02-14 14:37:21');
INSERT IGNORE INTO `course_options` (`id`, `type`, `value`, `created_at`, `updated_at`) VALUES (17, 'subject', 'Psychology', '2026-02-14 14:37:21', '2026-02-14 14:37:21');
INSERT IGNORE INTO `course_options` (`id`, `type`, `value`, `created_at`, `updated_at`) VALUES (18, 'subject', 'Sociology', '2026-02-14 14:37:21', '2026-02-14 14:37:21');
INSERT IGNORE INTO `course_options` (`id`, `type`, `value`, `created_at`, `updated_at`) VALUES (19, 'subject', 'Art & Design', '2026-02-14 14:37:21', '2026-02-14 14:37:21');
INSERT IGNORE INTO `course_options` (`id`, `type`, `value`, `created_at`, `updated_at`) VALUES (20, 'subject', 'Music', '2026-02-14 14:37:21', '2026-02-14 14:37:21');
INSERT IGNORE INTO `course_options` (`id`, `type`, `value`, `created_at`, `updated_at`) VALUES (21, 'subject', 'Physical Education', '2026-02-14 14:37:21', '2026-02-14 14:37:21');
INSERT IGNORE INTO `course_options` (`id`, `type`, `value`, `created_at`, `updated_at`) VALUES (22, 'year', 'Primary 2', '2026-02-14 14:37:21', '2026-02-14 14:37:21');
INSERT IGNORE INTO `course_options` (`id`, `type`, `value`, `created_at`, `updated_at`) VALUES (23, 'year', 'Year 3', '2026-02-14 14:37:21', '2026-02-14 14:37:21');
INSERT IGNORE INTO `course_options` (`id`, `type`, `value`, `created_at`, `updated_at`) VALUES (24, 'year', 'Year 4', '2026-02-14 14:37:21', '2026-02-14 14:37:21');
INSERT IGNORE INTO `course_options` (`id`, `type`, `value`, `created_at`, `updated_at`) VALUES (25, 'year', 'Year 5 (11 Plus Prep)', '2026-02-14 14:37:21', '2026-02-14 14:37:21');
INSERT IGNORE INTO `course_options` (`id`, `type`, `value`, `created_at`, `updated_at`) VALUES (26, 'year', 'Year 6 (SATS)', '2026-02-14 14:37:21', '2026-02-14 14:37:21');
INSERT IGNORE INTO `course_options` (`id`, `type`, `value`, `created_at`, `updated_at`) VALUES (27, 'year', 'Year 7', '2026-02-14 14:37:21', '2026-02-14 14:37:21');
INSERT IGNORE INTO `course_options` (`id`, `type`, `value`, `created_at`, `updated_at`) VALUES (28, 'year', 'Year 8', '2026-02-14 14:37:21', '2026-02-14 14:37:21');
INSERT IGNORE INTO `course_options` (`id`, `type`, `value`, `created_at`, `updated_at`) VALUES (29, 'year', 'Year 9', '2026-02-14 14:37:21', '2026-02-14 14:37:21');
INSERT IGNORE INTO `course_options` (`id`, `type`, `value`, `created_at`, `updated_at`) VALUES (30, 'year', 'Year 10', '2026-02-14 14:37:21', '2026-02-14 14:37:21');
INSERT IGNORE INTO `course_options` (`id`, `type`, `value`, `created_at`, `updated_at`) VALUES (31, 'year', 'Year 11', '2026-02-14 14:37:21', '2026-02-14 14:37:21');
INSERT IGNORE INTO `course_options` (`id`, `type`, `value`, `created_at`, `updated_at`) VALUES (32, 'year', 'A-Levels', '2026-02-14 14:37:21', '2026-02-14 14:37:21');
INSERT IGNORE INTO `course_options` (`id`, `type`, `value`, `created_at`, `updated_at`) VALUES (33, 'type_of_school', 'Primary School', '2026-02-14 14:37:21', '2026-02-14 14:37:21');
INSERT IGNORE INTO `course_options` (`id`, `type`, `value`, `created_at`, `updated_at`) VALUES (34, 'type_of_school', 'Secondary School', '2026-02-14 14:37:21', '2026-02-14 14:37:21');
INSERT IGNORE INTO `course_options` (`id`, `type`, `value`, `created_at`, `updated_at`) VALUES (35, 'type_of_school', 'A-Levels', '2026-02-14 14:37:21', '2026-02-14 14:37:21');
INSERT IGNORE INTO `course_options` (`id`, `type`, `value`, `created_at`, `updated_at`) VALUES (36, 'type_of_school', 'College', '2026-02-14 14:37:21', '2026-02-14 14:37:21');
INSERT IGNORE INTO `course_options` (`id`, `type`, `value`, `created_at`, `updated_at`) VALUES (37, 'type_of_school', 'Sixth Form', '2026-02-14 14:37:21', '2026-02-14 14:37:21');

-- Dumping data for table registration_form_options
INSERT IGNORE INTO `registration_form_options` (`id`, `form_type`, `category`, `group_name`, `subjects`, `sort_order`, `created_at`, `updated_at`) VALUES (4, 'paid', 'PRIMARY SCHOOL CLASSES', 'PRIMARY 2', '["Maths","English Language"]', 0, '2026-02-13 07:06:48', '2026-02-13 07:06:48');
INSERT IGNORE INTO `registration_form_options` (`id`, `form_type`, `category`, `group_name`, `subjects`, `sort_order`, `created_at`, `updated_at`) VALUES (5, 'paid', 'PRIMARY SCHOOL CLASSES', 'YEAR 3', '["Maths","English Language"]', 0, '2026-02-13 07:06:48', '2026-02-13 07:06:48');
INSERT IGNORE INTO `registration_form_options` (`id`, `form_type`, `category`, `group_name`, `subjects`, `sort_order`, `created_at`, `updated_at`) VALUES (6, 'paid', 'PRIMARY SCHOOL CLASSES', 'YEAR 4', '["Maths","English Language","Verbal Reasoning"]', 0, '2026-02-13 07:06:48', '2026-02-13 07:06:48');
INSERT IGNORE INTO `registration_form_options` (`id`, `form_type`, `category`, `group_name`, `subjects`, `sort_order`, `created_at`, `updated_at`) VALUES (7, 'paid', 'PRIMARY SCHOOL CLASSES', 'YEAR 5 (11 PLUS PREP)', '["Maths","English Language","Verbal Reasoning","Non-verbal Reasoning"]', 0, '2026-02-13 07:06:48', '2026-02-13 07:06:48');
INSERT IGNORE INTO `registration_form_options` (`id`, `form_type`, `category`, `group_name`, `subjects`, `sort_order`, `created_at`, `updated_at`) VALUES (8, 'paid', 'PRIMARY SCHOOL CLASSES', 'YEAR 6 (SATS)', '["Maths","English Language"]', 0, '2026-02-13 07:06:48', '2026-02-13 07:06:48');
INSERT IGNORE INTO `registration_form_options` (`id`, `form_type`, `category`, `group_name`, `subjects`, `sort_order`, `created_at`, `updated_at`) VALUES (9, 'paid', 'SECONDARY SCHOOL', 'YEAR 7', '["Maths","Physics","Chemistry","Biology"]', 0, '2026-02-13 07:06:48', '2026-02-13 07:06:48');
INSERT IGNORE INTO `registration_form_options` (`id`, `form_type`, `category`, `group_name`, `subjects`, `sort_order`, `created_at`, `updated_at`) VALUES (10, 'paid', 'SECONDARY SCHOOL', 'YEAR 8', '["Maths","Physics","Chemistry","Biology"]', 0, '2026-02-13 07:06:48', '2026-02-13 07:06:48');
INSERT IGNORE INTO `registration_form_options` (`id`, `form_type`, `category`, `group_name`, `subjects`, `sort_order`, `created_at`, `updated_at`) VALUES (11, 'paid', 'SECONDARY SCHOOL', 'YEAR 9', '["Maths","Physics","Chemistry","Biology"]', 0, '2026-02-13 07:06:48', '2026-02-13 07:06:48');
INSERT IGNORE INTO `registration_form_options` (`id`, `form_type`, `category`, `group_name`, `subjects`, `sort_order`, `created_at`, `updated_at`) VALUES (12, 'paid', 'SECONDARY SCHOOL', 'YEAR 10', '["Maths","Physics","Chemistry","Biology"]', 0, '2026-02-13 07:06:48', '2026-02-13 07:06:48');
INSERT IGNORE INTO `registration_form_options` (`id`, `form_type`, `category`, `group_name`, `subjects`, `sort_order`, `created_at`, `updated_at`) VALUES (13, 'paid', 'SECONDARY SCHOOL', 'YEAR 11', '["Maths","Physics","Chemistry","Biology"]', 0, '2026-02-13 07:06:48', '2026-02-13 07:06:48');
INSERT IGNORE INTO `registration_form_options` (`id`, `form_type`, `category`, `group_name`, `subjects`, `sort_order`, `created_at`, `updated_at`) VALUES (14, 'paid', 'A-LEVELS', 'YEAR 12 - 13', '["Maths","Further Maths","Chemistry","Physics","Biology"]', 0, '2026-02-13 07:06:48', '2026-02-13 07:11:10');
INSERT IGNORE INTO `registration_form_options` (`id`, `form_type`, `category`, `group_name`, `subjects`, `sort_order`, `created_at`, `updated_at`) VALUES (15, 'free', 'SECONDARY SCHOOL (YEAR 8 - 11)', 'YEAR 8', '["Maths","Physics"]', 0, '2026-02-13 07:13:35', '2026-02-13 07:13:35');
INSERT IGNORE INTO `registration_form_options` (`id`, `form_type`, `category`, `group_name`, `subjects`, `sort_order`, `created_at`, `updated_at`) VALUES (16, 'free', 'SECONDARY SCHOOL (YEAR 8 - 11)', 'YEAR 9', '["Maths","Physics"]', 0, '2026-02-13 07:13:35', '2026-02-13 07:13:35');
INSERT IGNORE INTO `registration_form_options` (`id`, `form_type`, `category`, `group_name`, `subjects`, `sort_order`, `created_at`, `updated_at`) VALUES (17, 'free', 'SECONDARY SCHOOL (YEAR 8 - 11)', 'YEAR 10', '["Maths","Physics"]', 0, '2026-02-13 07:13:35', '2026-02-13 07:13:35');
INSERT IGNORE INTO `registration_form_options` (`id`, `form_type`, `category`, `group_name`, `subjects`, `sort_order`, `created_at`, `updated_at`) VALUES (18, 'free', 'SECONDARY SCHOOL (YEAR 8 - 11)', 'YEAR 11', '["Maths","Physics"]', 0, '2026-02-13 07:13:35', '2026-02-13 07:13:35');

-- Dumping data for table registration_form_settings
INSERT IGNORE INTO `registration_form_settings` (`id`, `form_type`, `title`, `subtitle`, `alert_text`, `helper_text`, `created_at`, `updated_at`) VALUES (1, 'paid', 'Acelab Tutors', 'Student Registration', '', 'Please complete the form below to register your student. Fields marked with * are required.', '2026-02-13 07:17:38', '2026-02-13 08:21:07');
INSERT IGNORE INTO `registration_form_settings` (`id`, `form_type`, `title`, `subtitle`, `alert_text`, `helper_text`, `created_at`, `updated_at`) VALUES (2, 'free', 'Winners Kingdom Children', 'Free Class Registration (Year 8-11)', 'Free Classes - SATURDAYS ONLY', 'Winners Kingdom Children free classes are available for Maths and Sciences only.', '2026-02-13 07:17:38', '2026-02-13 08:15:05');

-- Dumping data for table chapters
INSERT IGNORE INTO `chapters` (`id`, `course_id`, `title`, `order`, `created_at`, `updated_at`) VALUES (1, 1, 'Chapter 1', 0, '2026-02-09 12:49:53', '2026-02-09 12:49:53');
INSERT IGNORE INTO `chapters` (`id`, `course_id`, `title`, `order`, `created_at`, `updated_at`) VALUES (3, 1, 'chapter 2', 1, '2026-02-10 17:41:50', '2026-02-10 17:41:50');
INSERT IGNORE INTO `chapters` (`id`, `course_id`, `title`, `order`, `created_at`, `updated_at`) VALUES (4, 8, 'chapter 1', 0, '2026-02-14 07:28:48', '2026-02-14 07:28:48');

-- Dumping data for table lessons
INSERT IGNORE INTO `lessons` (`id`, `chapter_id`, `title`, `type`, `content`, `meeting_link`, `start_time`, `duration`, `status`, `file_path`, `order`, `is_free`, `created_at`, `updated_at`, `meeting_type`, `google_event_id`, `notifications_sent`) VALUES (1, 1, 'Integration Fixed Test', 'live_class', NULL, 'https://meet.google.com/etr-zumn-zdm', '2026-02-09 16:05:46', 60, 'scheduled', NULL, 0, 0, '2026-02-09 16:05:46', '2026-02-09 16:05:48', NULL, NULL, 0);
INSERT IGNORE INTO `lessons` (`id`, `chapter_id`, `title`, `type`, `content`, `meeting_link`, `start_time`, `duration`, `status`, `file_path`, `order`, `is_free`, `created_at`, `updated_at`, `meeting_type`, `google_event_id`, `notifications_sent`) VALUES (2, 1, 'test', 'live_class', NULL, 'https://meet.google.com/qrd-ddvf-ywi', '2026-02-09 16:07:40', 60, 'scheduled', NULL, 1, 0, '2026-02-09 16:07:40', '2026-02-09 16:07:41', NULL, NULL, 0);
INSERT IGNORE INTO `lessons` (`id`, `chapter_id`, `title`, `type`, `content`, `meeting_link`, `start_time`, `duration`, `status`, `file_path`, `order`, `is_free`, `created_at`, `updated_at`, `meeting_type`, `google_event_id`, `notifications_sent`) VALUES (3, 1, 'sdfd', 'live_class', NULL, 'https://meet.google.com/mki-zxzg-mxi', '2026-02-09 11:15:00', 60, 'scheduled', NULL, 2, 0, '2026-02-09 16:14:40', '2026-02-09 16:14:42', NULL, NULL, 0);
INSERT IGNORE INTO `lessons` (`id`, `chapter_id`, `title`, `type`, `content`, `meeting_link`, `start_time`, `duration`, `status`, `file_path`, `order`, `is_free`, `created_at`, `updated_at`, `meeting_type`, `google_event_id`, `notifications_sent`) VALUES (4, 1, 'pdf', 'text', 'thisis', NULL, NULL, NULL, NULL, NULL, 3, 0, '2026-02-09 16:30:24', '2026-02-09 16:30:24', NULL, NULL, 0);
INSERT IGNORE INTO `lessons` (`id`, `chapter_id`, `title`, `type`, `content`, `meeting_link`, `start_time`, `duration`, `status`, `file_path`, `order`, `is_free`, `created_at`, `updated_at`, `meeting_type`, `google_event_id`, `notifications_sent`) VALUES (5, 1, 'ton', 'live_class', NULL, 'https://meet.google.com/qvi-bzft-xez', '2026-02-09 23:30:00', 30, 'scheduled', NULL, 4, 0, '2026-02-09 16:38:12', '2026-02-09 16:38:14', NULL, NULL, 0);
INSERT IGNORE INTO `lessons` (`id`, `chapter_id`, `title`, `type`, `content`, `meeting_link`, `start_time`, `duration`, `status`, `file_path`, `order`, `is_free`, `created_at`, `updated_at`, `meeting_type`, `google_event_id`, `notifications_sent`) VALUES (6, 1, 'fffff', 'live_class', NULL, 'https://meet.google.com/osi-sagc-xom', '2026-02-10 01:27:00', 30, 'scheduled', NULL, 5, 0, '2026-02-09 17:26:03', '2026-02-09 17:26:05', NULL, NULL, 0);
INSERT IGNORE INTO `lessons` (`id`, `chapter_id`, `title`, `type`, `content`, `meeting_link`, `start_time`, `duration`, `status`, `file_path`, `order`, `is_free`, `created_at`, `updated_at`, `meeting_type`, `google_event_id`, `notifications_sent`) VALUES (7, 1, 'fdsf', 'text', 'fds', NULL, NULL, NULL, NULL, NULL, 6, 0, '2026-02-09 17:43:16', '2026-02-09 17:43:16', NULL, NULL, 0);
INSERT IGNORE INTO `lessons` (`id`, `chapter_id`, `title`, `type`, `content`, `meeting_link`, `start_time`, `duration`, `status`, `file_path`, `order`, `is_free`, `created_at`, `updated_at`, `meeting_type`, `google_event_id`, `notifications_sent`) VALUES (8, 1, 'asaa', 'text', 'aaaa', NULL, NULL, NULL, NULL, NULL, 7, 0, '2026-02-09 17:43:49', '2026-02-09 17:43:49', NULL, NULL, 0);
INSERT IGNORE INTO `lessons` (`id`, `chapter_id`, `title`, `type`, `content`, `meeting_link`, `start_time`, `duration`, `status`, `file_path`, `order`, `is_free`, `created_at`, `updated_at`, `meeting_type`, `google_event_id`, `notifications_sent`) VALUES (9, 1, 'Test Video Lesson', 'video', 'https://www.youtube.com/watch?v=dQw4w9WgXcQ', NULL, '2026-02-09 17:50:14', NULL, NULL, NULL, 8, 0, '2026-02-09 17:50:14', '2026-02-09 17:50:14', NULL, NULL, 0);
INSERT IGNORE INTO `lessons` (`id`, `chapter_id`, `title`, `type`, `content`, `meeting_link`, `start_time`, `duration`, `status`, `file_path`, `order`, `is_free`, `created_at`, `updated_at`, `meeting_type`, `google_event_id`, `notifications_sent`) VALUES (10, 1, 'Verification Test Lesson', 'video', 'https://www.youtube.com/watch?v=dQw4w9WgXcQ', NULL, '2026-02-09 18:03:31', NULL, NULL, NULL, 9, 0, '2026-02-09 18:03:31', '2026-02-09 18:03:31', NULL, NULL, 0);
INSERT IGNORE INTO `lessons` (`id`, `chapter_id`, `title`, `type`, `content`, `meeting_link`, `start_time`, `duration`, `status`, `file_path`, `order`, `is_free`, `created_at`, `updated_at`, `meeting_type`, `google_event_id`, `notifications_sent`) VALUES (11, 1, 'Live Review Today', 'live_class', NULL, 'https://meet.google.com/mvi-pdvb-hcz', '2026-02-10 10:00:00', 60, 'scheduled', NULL, 10, 0, '2026-02-09 18:07:34', '2026-02-09 18:07:36', NULL, NULL, 0);
INSERT IGNORE INTO `lessons` (`id`, `chapter_id`, `title`, `type`, `content`, `meeting_link`, `start_time`, `duration`, `status`, `file_path`, `order`, `is_free`, `created_at`, `updated_at`, `meeting_type`, `google_event_id`, `notifications_sent`) VALUES (12, 3, 'What is db?', 'text', 'Db is a test exam', NULL, '2026-02-10 17:42:06', NULL, NULL, NULL, 0, 0, '2026-02-10 17:42:06', '2026-02-10 17:42:06', NULL, NULL, 0);
INSERT IGNORE INTO `lessons` (`id`, `chapter_id`, `title`, `type`, `content`, `meeting_link`, `start_time`, `duration`, `status`, `file_path`, `order`, `is_free`, `created_at`, `updated_at`, `meeting_type`, `google_event_id`, `notifications_sent`) VALUES (13, 3, 'this is 2', 'video', 'https://www.youtube.com/watch?v=Qo_uGb95hic', NULL, '2026-02-11 08:21:30', NULL, NULL, NULL, 1, 0, '2026-02-11 08:21:30', '2026-02-11 08:21:30', NULL, NULL, 0);
INSERT IGNORE INTO `lessons` (`id`, `chapter_id`, `title`, `type`, `content`, `meeting_link`, `start_time`, `duration`, `status`, `file_path`, `order`, `is_free`, `created_at`, `updated_at`, `meeting_type`, `google_event_id`, `notifications_sent`) VALUES (14, 3, 'meet', 'live_class', NULL, 'https://meet.google.com/gct-xhnn-ebv', '2026-02-11 08:26:09', 60, 'scheduled', NULL, 2, 0, '2026-02-11 08:26:09', '2026-02-11 08:26:11', NULL, NULL, 0);
INSERT IGNORE INTO `lessons` (`id`, `chapter_id`, `title`, `type`, `content`, `meeting_link`, `start_time`, `duration`, `status`, `file_path`, `order`, `is_free`, `created_at`, `updated_at`, `meeting_type`, `google_event_id`, `notifications_sent`) VALUES (15, 3, 'cc', 'live_class', NULL, 'https://meet.google.com/ugx-ddta-zzi', '2026-02-11 11:45:09', 60, 'scheduled', NULL, 3, 0, '2026-02-11 11:45:09', '2026-02-11 11:45:11', NULL, NULL, 0);
INSERT IGNORE INTO `lessons` (`id`, `chapter_id`, `title`, `type`, `content`, `meeting_link`, `start_time`, `duration`, `status`, `file_path`, `order`, `is_free`, `created_at`, `updated_at`, `meeting_type`, `google_event_id`, `notifications_sent`) VALUES (16, 4, 'lesson 1 what is dp', 'live_class', NULL, 'https://meet.google.com/wyw-pfvn-pgy', '2026-02-14 13:35:00', 60, 'scheduled', NULL, 0, 0, '2026-02-14 07:29:31', '2026-02-14 07:29:32', NULL, NULL, 0);
INSERT IGNORE INTO `lessons` (`id`, `chapter_id`, `title`, `type`, `content`, `meeting_link`, `start_time`, `duration`, `status`, `file_path`, `order`, `is_free`, `created_at`, `updated_at`, `meeting_type`, `google_event_id`, `notifications_sent`) VALUES (17, 4, 'lesson 2', 'live_class', NULL, 'https://meet.google.com/yjh-ppti-upw', '2026-02-14 13:40:00', 60, 'scheduled', NULL, 1, 0, '2026-02-14 07:36:43', '2026-02-14 07:36:44', NULL, NULL, 0);
INSERT IGNORE INTO `lessons` (`id`, `chapter_id`, `title`, `type`, `content`, `meeting_link`, `start_time`, `duration`, `status`, `file_path`, `order`, `is_free`, `created_at`, `updated_at`, `meeting_type`, `google_event_id`, `notifications_sent`) VALUES (18, 4, 'lesson 2', 'live_class', NULL, 'https://meet.google.com/thh-dyzv-gei', '2026-02-14 13:40:00', 60, 'scheduled', NULL, 2, 0, '2026-02-14 07:36:43', '2026-02-14 07:36:46', NULL, NULL, 0);
INSERT IGNORE INTO `lessons` (`id`, `chapter_id`, `title`, `type`, `content`, `meeting_link`, `start_time`, `duration`, `status`, `file_path`, `order`, `is_free`, `created_at`, `updated_at`, `meeting_type`, `google_event_id`, `notifications_sent`) VALUES (19, 4, 'lesson 3', 'live_class', NULL, 'https://meet.google.com/ipe-xmse-zug', '2026-02-14 13:50:00', 60, 'scheduled', NULL, 3, 0, '2026-02-14 07:45:18', '2026-02-14 07:45:20', NULL, NULL, 0);
INSERT IGNORE INTO `lessons` (`id`, `chapter_id`, `title`, `type`, `content`, `meeting_link`, `start_time`, `duration`, `status`, `file_path`, `order`, `is_free`, `created_at`, `updated_at`, `meeting_type`, `google_event_id`, `notifications_sent`) VALUES (20, 4, 'lesson 3', 'live_class', NULL, 'https://meet.google.com/sti-ejvh-ybs', '2026-02-14 13:50:00', 60, 'scheduled', NULL, 4, 0, '2026-02-14 07:45:18', '2026-02-14 07:45:22', NULL, NULL, 0);
INSERT IGNORE INTO `lessons` (`id`, `chapter_id`, `title`, `type`, `content`, `meeting_link`, `start_time`, `duration`, `status`, `file_path`, `order`, `is_free`, `created_at`, `updated_at`, `meeting_type`, `google_event_id`, `notifications_sent`) VALUES (21, 4, 'lesson 4', 'live_class', NULL, 'https://meet.google.com/dsf-ncns-edk', '2026-02-14 13:55:00', 60, 'scheduled', NULL, 5, 0, '2026-02-14 07:51:41', '2026-02-14 07:51:43', NULL, NULL, 0);
INSERT IGNORE INTO `lessons` (`id`, `chapter_id`, `title`, `type`, `content`, `meeting_link`, `start_time`, `duration`, `status`, `file_path`, `order`, `is_free`, `created_at`, `updated_at`, `meeting_type`, `google_event_id`, `notifications_sent`) VALUES (22, 4, 'lesson 4', 'live_class', NULL, 'https://meet.google.com/idc-tswr-onn', '2026-02-14 13:55:00', 60, 'scheduled', NULL, 6, 0, '2026-02-14 07:51:41', '2026-02-14 07:51:44', NULL, NULL, 0);

SET FOREIGN_KEY_CHECKS=1;
